{"cameraMode":{"drawMode":0,"name":"Shaded","section":"Shading Mode"},"sceneLighting":false,"audioPlay":false,"sceneViewState":{"showFog":true,"showMaterialUpdate":false,"showSkybox":true,"showFlares":true,"showImageEffects":true,"showParticleSystems":true},"in2DMode":false,"pivot":{"x":481.7112121582031,"y":140.46981811523438,"z":0.9233719110488892},"rotation":{"x":-0.015343674458563328,"y":0.9715648889541626,"z":-0.0656806230545044,"w":-0.22696317732334138},"size":1667.2506103515625,"orthographic":false}